image,label
grass/parveen-kumar-RfaG9lP6TCE-unsplash.jpg,grass
grass/bady-abbas-5HI7Ea3yD-w-unsplash.jpg,grass
grass/danylo-suprun-1zJwAKjw-tY-unsplash.jpg,grass
grass/reen-s-YifqOUL29EE-unsplash.jpg,grass
grass/victor-van-welden-kFv5tLnY8Yc-unsplash.jpg,grass
grass/bharath-raj-n--laN0yECGm0-unsplash.jpg,grass
grass/meg-3hyfMlJJ8rU-unsplash.jpg,grass
grass/annie-spratt-zySqlrxouoY-unsplash.jpg,grass
grass/jachan-devol-6_bPHYNLa94-unsplash.jpg,grass
grass/bradley-brister-WdsLOJ5BViU-unsplash.jpg,grass
grass/dmitrii-tarnovski-kVEZwG8rb0I-unsplash.jpg,grass
grass/marvin-von-hagen-YdqZqHmmpG4-unsplash.jpg,grass
grass/miikka-luotio-ILUExEQQet0-unsplash.jpg,grass
grass/la-lenses-BN0xUX5ccLg-unsplash.jpg,grass
grass/ivanna-skorobohatko-ZWAAu8Z13ss-unsplash.jpg,grass
grass/ye-xin-Jj2zjbG5kzU-unsplash.jpg,grass
grass/azizur-rahman-lAaf1LlF4iA-unsplash.jpg,grass
grass/rayner-simpson-ekvXot6wWE0-unsplash.jpg,grass
grass/sameer-srivastava-Vi4ESpVu2gY-unsplash.jpg,grass
grass/kseniia-rastvorova-YhZt03_OJKs-unsplash.jpg,grass
grass/james-mowat-DuOZpy6LZm0-unsplash.jpg,grass
grass/blocks-fletcher-hGlBGfql5Kc-unsplash.jpg,grass
grass/tomas-robertson-cqfOKYPxZak-unsplash.jpg,grass
grass/petar-tonchev-c-5-QE5kBYk-unsplash.jpg,grass
grass/mika-brandt-maB_nA4UGm4-unsplash.jpg,grass
grass/juan-manuel-nunez-mendez-y1IEnAYvMxY-unsplash.jpg,grass
grass/jake-nackos-C2PCa6DhlYE-unsplash.jpg,grass
grass/the-ian-jdDs4BHIvEk-unsplash.jpg,grass
grass/dan-tuykavin-O4aaYHvBIG0-unsplash.jpg,grass
grass/hal-gatewood-OuOXM6w8Z-8-unsplash.jpg,grass
nograss/nathan-dumlao-zUNs99PGDg0-unsplash.jpg,nograss
nograss/andriyko-podilnyk-bdmdX_XMcV4-unsplash.jpg,nograss
nograss/engin-akyurt-Ehlo4bILuw4-unsplash.jpg,nograss
nograss/olga-neclyudowa-N6Gz1We3ehs-unsplash.jpg,nograss
nograss/ian-dooley-TLD6iCOlyb0-unsplash.jpg,nograss
nograss/dylan-de-jonge-9SjCXUq_qSE-unsplash.jpg,nograss
nograss/keith-hardy-PP8Escz15d8-unsplash.jpg,nograss
nograss/steffen-muldbjerg-bvLqnu_Gyf8-unsplash.jpg,nograss
nograss/odiseo-castrejon-1CsaVdwfIew-unsplash.jpg,nograss
nograss/jazmin-quaynor-QnGqi8Rd-DA-unsplash.jpg,nograss
nograss/connor-mcsheffrey-MIspM6HIit8-unsplash.jpg,nograss
nograss/masakaze-kawakami-aD6mY43V_QQ-unsplash.jpg,nograss
nograss/wolfgang-hasselmann-Fd01B6nNPbo-unsplash.jpg,nograss
nograss/la-lenses-BN0xUX5ccLg-unsplash.jpg,nograss
nograss/kelly-sikkema-00W-CT_859o-unsplash.jpg,nograss
nograss/calum-lewis-vA1L1jRTM70-unsplash.jpg,nograss
nograss/max-bender-VmX3vmBecFE-unsplash.jpg,nograss
nograss/cosmic-timetraveler-HV9CLdACX0M-unsplash.jpg,nograss
nograss/sourajit-hazra-mVK9tHxGMbM-unsplash.jpg,nograss
nograss/sameer-srivastava-Vi4ESpVu2gY-unsplash.jpg,nograss
nograss/holden-baxter-oxQ0egaQMfU-unsplash.jpg,nograss
nograss/nedim-6CQy1skIbRs-unsplash.jpg,nograss
nograss/freestocks-YYsvB-xlOVI-unsplash.jpg,nograss
nograss/beau-horyza-wL7XPZphUHI-unsplash.jpg,nograss
nograss/rob-wingate-Fd9tUmRBJzk-unsplash.jpg,nograss
nograss/kara-eads-L7EwHkq1B2s-unsplash.jpg,nograss
nograss/minh-pham-OtXADkUh3-I-unsplash.jpg,nograss
nograss/claire-thatcher-CXjDnRRhsg0-unsplash.jpg,nograss
nograss/spencer-scott-pugh-w47qGBJwK-E-unsplash.jpg,nograss
nograss/ivan-kazlouskij-RfnUQvAtdwI-unsplash.jpg,nograss
nograss/ismail-marzuki-jx4U8BI9qjI-unsplash.jpg,nograss
nograss/abbs-johnson-Up2PKkq5kk0-unsplash.jpg,nograss
